{"cameraMode":{"drawMode":0,"name":"Shaded","section":"Shading Mode"},"sceneLighting":true,"audioPlay":false,"sceneViewState":{"m_AlwaysRefresh":false,"showFog":true,"showSkybox":true,"showFlares":true,"showImageEffects":true,"showParticleSystems":true,"showVisualEffectGraphs":true,"m_FxEnabled":true},"in2DMode":false,"pivot":{"x":0.3397057056427002,"y":6.6788010597229,"z":-21.675811767578126},"rotation":{"x":0.24382337927818299,"y":0.0014501914847642184,"z":-0.0003650369471870363,"w":0.9698039293289185},"size":8.547551155090332,"orthographic":false}